"item_nr","match_null","block","semantic_label","variable","value","upper_lower"
11,"A2",2,"non-semantic","A1","CHARADE","upper"
11,"A2",2,"non-semantic","A2","mermaid","lower"
12,"A2",2,"non-semantic","A1","MANNER","upper"
12,"A2",2,"non-semantic","A2","colors","lower"
13,"A1",2,"non-semantic","A1","INTEREST","upper"
13,"A1",2,"non-semantic","A2","mountain","lower"
14,"A2",2,"non-semantic","A1","OUTLOOK","upper"
14,"A2",2,"non-semantic","A2","quartet","lower"
15,"A2",2,"non-semantic","A1","HUMBUG","upper"
15,"A2",2,"non-semantic","A2","jailer","lower"
16,"A1",2,"non-semantic","A1","FATALISM","upper"
16,"A1",2,"non-semantic","A2","hotplate","lower"
17,"A2",2,"non-semantic","A1","ENVY","upper"
17,"A2",2,"non-semantic","A2","lung","lower"
18,"A2",2,"non-semantic","A1","BASIS","upper"
18,"A2",2,"non-semantic","A2","rifle","lower"
19,"A1",2,"non-semantic","A1","DOCILITY","upper"
19,"A1",2,"non-semantic","A2","wigmaker","lower"
20,"A1",2,"non-semantic","A1","WHATNOT","upper"
20,"A1",2,"non-semantic","A2","glitter","lower"
